Regression Model,Explained Variance Score,Mean Abs Percentage Error,R2 Score
Linear Regression,0.5427112592411232,0.16246883984429403,0.5427053625654411
Ridge Regression,0.5390058824834831,0.16259928576503016,0.5390039504520621
Lasso Regression,0.0,0.2733799882303487,-0.00027614964665212405
Bayesian Ridge Regression,0.542645341811012,0.16243686766731497,0.5426401531294807
