Classifier,Accuracy,AUC,F1 Score Micro,F1 Score Macro,F1 Score Weighted
Perceptron,0.1965,0.5,0.1965,0.1642290012536565,0.064541997492687
MLP,0.804,0.5012722646310432,0.804,0.44818421637935646,0.7171508174475142
Gaussian NB,0.7905,0.5188219162031253,0.7905,0.4995147443075775,0.731158088839119
Linear SVM,0.8035,0.5,0.8035,0.4455225949542556,0.7159548100914888
Radical SVM,0.8035,0.5,0.8035,0.4455225949542556,0.7159548100914888
Log Reg,0.8035,0.5,0.8035,0.4455225949542556,0.7159548100914888
RF,0.8665,0.709322762532242,0.8665,0.7455154241957644,0.8520239630110957
KNN,0.7675,0.5112374139222328,0.7675,0.49832099364809646,0.7213812760448275
DT,0.7915,0.6962913525590175,0.7915,0.6860789567884297,0.7965027242248804
