Classifier,Accuracy,AUC,F1 Score Micro,F1 Score Macro,F1 Score Weighted
Perceptron,0.6493506493506493,0.5292929292929294,0.6493506493506493,0.47933884297520657,0.564344746162928
MLP,0.7012987012987013,0.694949494949495,0.7012987012987013,0.6859929078014184,0.7058004052684905
Gaussian NB,0.7662337662337663,0.7535353535353535,0.7662337662337663,0.7493217580032556,0.7679249670568173
Linear SVM,0.6428571428571429,0.5,0.6428571428571429,0.391304347826087,0.5031055900621119
Radical SVM,0.6428571428571429,0.5,0.6428571428571429,0.391304347826087,0.5031055900621119
Log Reg,0.7467532467532467,0.7303030303030302,0.7467532467532467,0.727433628318584,0.7481668773704172
RF,0.7207792207792207,0.697979797979798,0.7207792207792207,0.6971692504687428,0.7213282898562086
KNN,0.6623376623376623,0.6444444444444444,0.6623376623376623,0.6404454022988506,0.6657943349753694
DT,0.7467532467532467,0.7424242424242424,0.7467532467532467,0.7329598506069095,0.7503001200480192
