{
    "Real Dataset": [
        {
            "Regression Model": "Linear Regression",
            "Explained Variance Score": 0.7836717590532514,
            "Mean Abs Percentage Error": 0.4709302952729558,
            "R2 Score": 0.7833463107364539
        },
        {
            "Regression Model": "Ridge Regression",
            "Explained Variance Score": 0.7834115641843131,
            "Mean Abs Percentage Error": 0.4731967588597487,
            "R2 Score": 0.7830849126391299
        },
        {
            "Regression Model": "Lasso Regression",
            "Explained Variance Score": 0.7836449328434942,
            "Mean Abs Percentage Error": 0.4711405711494288,
            "R2 Score": 0.7833197155138745
        },
        {
            "Regression Model": "Bayesian Ridge Regression",
            "Explained Variance Score": 0.7835710070988465,
            "Mean Abs Percentage Error": 0.4718438380638962,
            "R2 Score": 0.783245072628041
        }
    ]
}