Regression Model,Explained Variance Score,Mean Abs Percentage Error,R2 Score
Linear Regression,0.296236863034925,7.532332960900381e+17,0.2956656210759677
Ridge Regression,0.28419359295994595,5.182314508200371e+17,0.28354215086735435
Lasso Regression,0.2966736279992839,7.431620129007265e+17,0.2960973383454232
Bayesian Ridge Regression,0.015080463036655334,5.6396894641247104e+17,0.012308580372019873
