Classifier,Accuracy,AUC,F1 Score Micro,F1 Score Macro,F1 Score Weighted
Perceptron,0.76,0.5213333333333333,0.76,0.47293985365296604,0.6674250476550215
MLP,0.761,0.6333333333333334,0.761,0.6447765808185298,0.7463704787044303
Gaussian NB,0.7805,0.619,0.7805,0.6341323665760332,0.7498380056463626
Linear SVM,0.7495,0.49966666666666665,0.7495,0.4284081166047442,0.6426121749071163
Radical SVM,0.7495,0.49966666666666665,0.7495,0.4284081166047442,0.6426121749071163
Log Reg,0.7785,0.6116666666666667,0.7785,0.6252367120823937,0.7450672733940483
RF,0.844,0.7526666666666666,0.844,0.7730971798597566,0.8365165180889547
KNN,0.758,0.58,0.758,0.5846805472606078,0.7188287304954315
DT,0.8085,0.7356666666666666,0.8085,0.739922064896575,0.8066970747343793
