{
    "Real Dataset": [
        {
            "Regression Model": "Linear Regression",
            "Explained Variance Score": 0.6723343685377103,
            "Mean Abs Percentage Error": 0.25353151227854237,
            "R2 Score": 0.6723321447103938
        },
        {
            "Regression Model": "Ridge Regression",
            "Explained Variance Score": 0.6724740512600184,
            "Mean Abs Percentage Error": 0.25336988267748767,
            "R2 Score": 0.6724719088047691
        },
        {
            "Regression Model": "Lasso Regression",
            "Explained Variance Score": 0.6723364308792659,
            "Mean Abs Percentage Error": 0.2535268513007901,
            "R2 Score": 0.6723342075197182
        },
        {
            "Regression Model": "Bayesian Ridge Regression",
            "Explained Variance Score": 0.6724540423196265,
            "Mean Abs Percentage Error": 0.25339382914366276,
            "R2 Score": 0.672451887431113
        }
    ]
}