{
    "Real Dataset": [
        {
            "Regression Model": "Linear Regression",
            "Explained Variance Score": 0.5427112592411232,
            "Mean Abs Percentage Error": 0.16246883984429403,
            "R2 Score": 0.5427053625654411
        },
        {
            "Regression Model": "Ridge Regression",
            "Explained Variance Score": 0.5390058824834831,
            "Mean Abs Percentage Error": 0.16259928576503016,
            "R2 Score": 0.5390039504520621
        },
        {
            "Regression Model": "Lasso Regression",
            "Explained Variance Score": 0.0,
            "Mean Abs Percentage Error": 0.2733799882303487,
            "R2 Score": -0.00027614964665212405
        },
        {
            "Regression Model": "Bayesian Ridge Regression",
            "Explained Variance Score": 0.542645341811012,
            "Mean Abs Percentage Error": 0.16243686766731497,
            "R2 Score": 0.5426401531294807
        }
    ]
}