Classifier,Accuracy,AUC,F1 Score Micro,F1 Score Macro,F1 Score Weighted
Perceptron,0.5055,0.505985005985006,0.5055,0.35381417878047294,0.3535011017500921
MLP,0.5205,0.52003802003802,0.5205,0.3900218644404691,0.3903039793281654
Gaussian NB,0.5955,0.5951660951660952,0.5955,0.5445382735635995,0.5446906255110926
Linear SVM,0.4995,0.5,0.4995,0.33311103701233746,0.33277792597532513
Radical SVM,0.4995,0.5,0.4995,0.33311103701233746,0.33277792597532513
Log Reg,0.694,0.6939576939576939,0.694,0.6934331579089736,0.6934463402831836
RF,0.715,0.714960714960715,0.715,0.7145432692307692,0.7145546875
KNN,0.547,0.5469925469925471,0.547,0.5469710061443933,0.5469746303763441
DT,0.628,0.6280006280006281,0.628,0.628,0.628
