Classifier,Accuracy,AUC,F1 Score Micro,F1 Score Macro,F1 Score Weighted
Perceptron,0.5695,0.5644661658962506,0.5695,0.5630496293914844,0.5660226397131048
MLP,0.626,0.6160037878787878,0.626,0.608225586640283,0.6128986718428378
Gaussian NB,0.578,0.5620666409861326,0.578,0.5311861213316981,0.5394822517286124
Linear SVM,0.597,0.5906201848998459,0.597,0.5880992363993536,0.5914900034853142
Radical SVM,0.597,0.5906201848998459,0.597,0.5880992363993536,0.5914900034853142
Log Reg,0.6335,0.6253531073446328,0.6335,0.6211572070965059,0.6249865500471744
RF,0.6875,0.6850282485875706,0.6875,0.6853584710938827,0.686812114957429
KNN,0.565,0.5593059835644583,0.565,0.5571667221480774,0.5604649444015184
DT,0.61,0.608098998459168,0.61,0.6081882625259198,0.6096802816222212
