Classifier,Accuracy,AUC,F1 Score Micro,F1 Score Macro,F1 Score Weighted
Perceptron,0.895,0.5,0.895,0.47229551451187335,0.8454089709762532
MLP,0.895,0.5,0.895,0.47229551451187335,0.8454089709762532
Gaussian NB,0.901,0.7765629156690609,0.901,0.7558924842008191,0.9045759309989422
Linear SVM,0.895,0.5,0.895,0.47229551451187335,0.8454089709762532
Radical SVM,0.895,0.5,0.895,0.47229551451187335,0.8454089709762532
Log Reg,0.908,0.6501729183293429,0.908,0.6875,0.894875
RF,0.99,0.9607874434690078,0.99,0.9727062317131752,0.9898696449626622
KNN,0.896,0.5131683958499601,0.896,0.4997594997594998,0.8514785954785956
DT,0.985,0.9537909018355946,0.985,0.9595851823112427,0.9849038531487185
