Regression Model,Explained Variance Score,Mean Abs Percentage Error,R2 Score
Linear Regression,0.6466785086651028,0.2649522502532907,0.6466099775321148
Ridge Regression,0.647589012664037,0.27177670073416427,0.6475307243874469
Lasso Regression,0.6119134002541736,0.32299794908202967,0.6118928955561025
Bayesian Ridge Regression,0.6467333341413342,0.26511692911878787,0.6466650801904046
