Regression Model,Explained Variance Score,Mean Abs Percentage Error,R2 Score
Linear Regression,0.7836717590532514,0.4709302952729558,0.7833463107364539
Ridge Regression,0.7834115641843131,0.4731967588597487,0.7830849126391299
Lasso Regression,0.7836449328434942,0.4711405711494288,0.7833197155138745
Bayesian Ridge Regression,0.7835710070988465,0.4718438380638962,0.783245072628041
