{
    "Real Dataset": [
        {
            "Regression Model": "Linear Regression",
            "Explained Variance Score": 0.6397595468206343,
            "Mean Abs Percentage Error": 0.3208409715944365,
            "R2 Score": 0.6394295426637691
        },
        {
            "Regression Model": "Ridge Regression",
            "Explained Variance Score": 0.6397629783060972,
            "Mean Abs Percentage Error": 0.32082729642222285,
            "R2 Score": 0.6394328747037338
        },
        {
            "Regression Model": "Lasso Regression",
            "Explained Variance Score": 0.6397607803368661,
            "Mean Abs Percentage Error": 0.32083823667322964,
            "R2 Score": 0.6394307450540796
        },
        {
            "Regression Model": "Bayesian Ridge Regression",
            "Explained Variance Score": 0.6397895814202172,
            "Mean Abs Percentage Error": 0.320715721877644,
            "R2 Score": 0.6394586639164265
        }
    ]
}