Classifier,Accuracy,AUC,F1 Score Micro,F1 Score Macro,F1 Score Weighted
Perceptron,0.978110599078341,0.5,0.978110599078341,0.49446709376820036,0.9672870106202813
MLP,0.9942396313364056,0.868421052631579,0.9942396313364056,0.9227744265912206,0.9938116959786499
Gaussian NB,0.9838709677419355,0.631578947368421,0.9838709677419355,0.7042445482866043,0.9792326148125815
Linear SVM,0.978110599078341,0.5,0.978110599078341,0.49446709376820036,0.9672870106202813
Radical SVM,0.978110599078341,0.5,0.978110599078341,0.49446709376820036,0.9672870106202813
Log Reg,0.9850230414746544,0.7608021821337796,0.9850230414746544,0.7992135091371733,0.9839104095444898
RF,0.9896313364055299,0.763157894736842,0.9896313364055299,0.8421913823404643,0.9880497397588249
KNN,0.9896313364055299,0.763157894736842,0.9896313364055299,0.8421913823404643,0.9880497397588249
DT,0.9873271889400922,0.8134337610811481,0.9873271889400922,0.8396237507348618,0.986795243784491
