Regression Model,Explained Variance Score,Mean Abs Percentage Error,R2 Score
Linear Regression,0.6397595468206343,0.3208409715944365,0.6394295426637691
Ridge Regression,0.6397629783060972,0.32082729642222285,0.6394328747037338
Lasso Regression,0.6397607803368661,0.32083823667322964,0.6394307450540796
Bayesian Ridge Regression,0.6397895814202172,0.320715721877644,0.6394586639164265
