Regression Model,Explained Variance Score,Mean Abs Percentage Error,R2 Score
Linear Regression,0.6723343685377103,0.25353151227854237,0.6723321447103938
Ridge Regression,0.6724740512600184,0.25336988267748767,0.6724719088047691
Lasso Regression,0.6723364308792659,0.2535268513007901,0.6723342075197182
Bayesian Ridge Regression,0.6724540423196265,0.25339382914366276,0.672451887431113
